1,EYE FILLET,TRUE,FALSE
2,EYE FILLET STEAK,TRUE,FALSE
3,PORTERHOUSE STEAK,TRUE,FALSE
4,RUMP STEAK,TRUE,FALSE
5,T-BONE STEAK,TRUE,FALSE
6,SCOTCH FILLET,TRUE,FALSE
7,ROASTING TOPSIDE,TRUE,FALSE
8,ROUND STEAK,TRUE,FALSE
9,CORNED SILVERSIDE,TRUE,FALSE
10,BEEF OSSO BUCCO,TRUE,FALSE
11,PREMIUM MINCED BEEF,TRUE,FALSE
12,OYSTER BLADE,TRUE,FALSE
13,BLADE STEAK,TRUE,FALSE
14,DICED CHUCK STEAK,TRUE,FALSE
15,OXTAIL,TRUE,FALSE
16,OX TONGUE,FALSE,TRUE
17,OX TRIPE,TRUE,FALSE
18,STIR-FRY BEEF STRIPS,TRUE,FALSE
19,CRUMBED YEARLING SCHNITZEL,TRUE,FALSE
20,ROBBINS Is. WAGYU,TRUE,FALSE
21,MONGOLIAN BEEF STIR-FRY,TRUE,FALSE
22,HONEY SOY BEEF SKEWERS,FALSE,TRUE
23,MARINATED STEAK,TRUE,FALSE
24,SEASONED GIRELLO,TRUE,FALSE
25,BONES BEEF/LAMB,FALSE,TRUE
26,DICED BEEF,TRUE,FALSE
27,BEEF RIB-EYE,TRUE,FALSE
28,NEW YORK PORTERHOUSE,TRUE,FALSE
29,HAMBURGERS,FALSE,TRUE
30,BEEF & BLACKBEAN STIR-FRY,TRUE,FALSE
31,CHUCK BONES,TRUE,FALSE
32,BLACKMORE WAGYU PORTERHOUSE,TRUE,FALSE
33,CAPE GRIM PORTERHOUSE STEAK,TRUE,FALSE
34,CERTIFIED ANGUS PORTERHOUSE STEAK,TRUE,FALSE
35,LEMON PARSLEY YEARLING SCHNITZEL,TRUE,FALSE
36,Beef Short Ribs,TRUE,FALSE
37,OX CHEEK,TRUE,FALSE
38,Rolled T-Bone,TRUE,FALSE
39,Hickory Rib-eye,TRUE,FALSE
40,Beef & Beetroot Burgers,FALSE,TRUE
41,Skirt Steak,TRUE,FALSE
42,BEEF BRISKET,TRUE,FALSE
43,TRIM,TRUE,FALSE
44,WAGYU BURGERS,FALSE,TRUE
45,Suet,TRUE,FALSE
46,FLAT IRON STEAK,TRUE,FALSE
47,GRAVY BEEF,TRUE,FALSE
48,BONE SUCKIN BEEF RIBS,TRUE,FALSE
49,SANTORINI SKEWERS,FALSE,TRUE
50,CHILLI ROYAL,FALSE,TRUE
51,TERIYAKI SKEWERS,FALSE,TRUE
52,MARGARET RIVER PORTERHOUSE,TRUE,FALSE
53,MARGARET RIVER TOMAHAWK,TRUE,FALSE
54,MARGARET RIVER SCOTCH FILLET,TRUE,FALSE
55,CAUL FAT,TRUE,FALSE
56,WHOLE RABBIT,TRUE,FALSE
57,VEAL SCHNITZEL,TRUE,FALSE
58,DICED VEAL,TRUE,FALSE
59,MINCED VEAL,TRUE,FALSE
60,VEAL SHANKS,FALSE,TRUE
61,VEAL OSSO BUCCO,TRUE,FALSE
62,VEAL RACKS,TRUE,FALSE
63,VEAL CUTLETS,TRUE,FALSE
64,VEAL PROVENCAL,TRUE,FALSE
65,"PARMISIAN, PARSLEY AND GARLIC VEAL CUTLETS",TRUE,FALSE
67,CALVES LIVER,TRUE,FALSE
68,SEASONED LOINS LAMB - SPINACH & PINENUT,TRUE,FALSE
70,GREEK LAMB SKEWERS,FALSE,TRUE
71,HONEY MUSTARD RACKS,FALSE,TRUE
72,FRENCHED LAMB SHANKS,FALSE,TRUE
73,MINCED LAMB,TRUE,FALSE
74,LEG OF LAMB,TRUE,FALSE
75,CHUMP CHOPS,TRUE,FALSE
76,LAMB LOIN CHOPS,TRUE,FALSE
77,LAMB FOREQUARTER CHOPS,TRUE,FALSE
78,RACK OF LAMB,FALSE,TRUE
79,LAMB CUTLETS,FALSE,TRUE
80,LAMB FOREQUARTER SHANKS,FALSE,TRUE
81,DICED LAMB,TRUE,FALSE
82,TRIM LAMB ROAST,TRUE,FALSE
83,LAMB FILLETS,TRUE,FALSE
84,LAMB RIB EYE,TRUE,FALSE
85,LAMB KIDNEYS,FALSE,TRUE
86,LAMBS FRY,FALSE,TRUE
87,ROLLED SHOULDER LAMB,TRUE,FALSE
88,MARINATED BUTTERFLIED LEG,TRUE,FALSE
89,MINTED LAMB CHOP,TRUE,FALSE
90,MINTED LAMB CUTLETS,FALSE,TRUE
91,CRUMBED LAMB CUTLETS,FALSE,TRUE
92,LAMB CURRY,TRUE,FALSE
93,EASY CARVE LEGS LAMB,TRUE,FALSE
94,MEDITERREAN BUTTERFLIED LEG,TRUE,FALSE
95,LAMB KOFTAS,FALSE,TRUE
96,DICED LAMB SHOULDER,TRUE,FALSE
97,TAMARIND LAMB CUTLETS,FALSE,TRUE
98,WHOLE LAMB SHOULDER,TRUE,FALSE
99,LAMB MARROW BONES,FALSE,TRUE
100,BONELESS LAMB SHOULDER,TRUE,FALSE
101,SUNDRIED TOMATO LOIN OF LAMB,TRUE,FALSE
102,LAMB BRAINS,FALSE,TRUE
103,TUSCAN LAMB RUMP,TRUE,FALSE
104,PLAIN BUTTERFLY LEG OF LAMB,TRUE,FALSE
105,LAMB RIBS,TRUE,FALSE
106,LAMB TAGINE,TRUE,FALSE
107,CAPRETTO SHOULDER,TRUE,FALSE
108,BONELESS CAPRETTO,TRUE,FALSE
109,SALT BUSH EZY CARVE,TRUE,FALSE
110,SALT BUSH LAMB RUMP,TRUE,FALSE
111,SALT BUSH LAMB SHOULDER,TRUE,FALSE
112,SALT BUSH LAMB RACK,FALSE,TRUE
113,SALT BUSH B/LESS SHOULDER,TRUE,FALSE
114,SALT BUSH LAMB LEG,TRUE,FALSE
115,SPIT LAMB,FALSE,TRUE
116,SEASONED CHICKEN,FALSE,TRUE
117,SWEET CHILLI CHICKEN BREASTS,TRUE,FALSE
118,CHICKEN FILLETS,TRUE,FALSE
119,MILAWA ORGANIC WHOLE CHICKEN,TRUE,FALSE
120,FREE RANGE WHOLE CHICKEN,TRUE,FALSE
121,CHICKEN DRUMSTICKS,TRUE,FALSE
122,CHICKEN WINGS,TRUE,FALSE
123,CHICKEN SPARE RIBS,TRUE,FALSE
124,CHICKEN THIGHS,TRUE,FALSE
125,CHICKEN SCHNITZEL,TRUE,FALSE
126,CHICKEN MARYLAND,TRUE,FALSE
127,CHICKEN MINCE,TRUE,FALSE
128,MARINATED CHICKEN STEAK,TRUE,FALSE
129,HONEY SOY CHICKEN SPARE RIBS,TRUE,FALSE
130,ITALIAN CHICKEN,TRUE,FALSE
131,CHICKEN KIEV,FALSE,TRUE
132,CHICKEN LIVER,TRUE,FALSE
133,PORTUGUESE HALF CHICKEN,FALSE,TRUE
134,CHICKEN SATAY SKEWERS,FALSE,TRUE
135,CHICKEN FEET,TRUE,FALSE
136,MILKING YARD CHICKEN,TRUE,FALSE
137,BONED CHICKEN THIGHS,TRUE,FALSE
138,THAI CHICKEN STIR-FRY,TRUE,FALSE
139,HONEY SOY CHICKEN DRUMETTES,TRUE,FALSE
140,TURKISH KEBABS,FALSE,TRUE
141,THAI CHICKEN BURGERS,FALSE,TRUE
142,BUTTERFLIED CHICKEN,TRUE,FALSE
143,CRUMBED CHICKEN TENDERLOINS,TRUE,FALSE
144,CHEMOULA CHICKEN,TRUE,FALSE
145,WHOLE PHEASANT,TRUE,FALSE
146,GUINEA FOWL,TRUE,FALSE
147,VENISON LOINS,TRUE,FALSE
148,VENISON RACK,TRUE,FALSE
149,BUTTERFLIED QUAIL,FALSE,TRUE
150,KANGAROO FILLETS,TRUE,FALSE
151,CROCODILE FILLETS,TRUE,FALSE
152,DUCK LEGS,TRUE,FALSE
153,PARTRIDGE,FALSE,TRUE
154,POUSSIN,FALSE,TRUE
155,EMU,TRUE,FALSE
156,WHOLE QUAIL,FALSE,TRUE
157,WHOLE SQUAB,FALSE,TRUE
158,WHOLE TURKEY,TRUE,FALSE
159,TURKEY FILLETS,TRUE,FALSE
160,SEASONED TURKEY FILLET,TRUE,FALSE
161,MARINATED PEKING DUCK,TRUE,FALSE
162,BAROSSA CHICKEN,TRUE,FALSE
163,LEMON SCHNITZEL,TRUE,FALSE
164,"HERB, GARLIC & CHILLI CHICKEN DRUMETTES",TRUE,FALSE
166,HONEY SOY CHICKEN STEAK,TRUE,FALSE
167,CHICKEN TENDERLOIN,TRUE,FALSE
168,KIEV CUT CHICKEN,TRUE,FALSE
169,VENISON SHOULDER,TRUE,FALSE
170,PLAIN CHICKEN DRUMETTE,TRUE,FALSE
171,PLAIN DUCK FILLETS,TRUE,FALSE
172,CHICKEN FRAMES,FALSE,TRUE
173,PERI PERI CHICKEN BREAST,TRUE,FALSE
174,BONED AND SEASONED DUCK,TRUE,FALSE
175,MARINATED BUTTERFLIED QUAIL,TRUE,FALSE
176,MILAWA ORGANIC FILLETS,TRUE,FALSE
177,CHICKEN INVOLTINI,FALSE,TRUE
178,CHICKEN NECKS,TRUE,FALSE
179,SMOKEY TEXAS CHICKEN,TRUE,FALSE
180,OTWAY PORK LOIN CHOPS,TRUE,FALSE
181,OTWAY LEG OF PORK,TRUE,FALSE
182,OTWAY PORK FILLETS,TRUE,FALSE
183,OTWAY PORK SPARE RIBS,TRUE,FALSE
184,OTWAY PORK MINCE,TRUE,FALSE
185,OTWAY RACK OF PORK,TRUE,FALSE
186,SUCKLING PIG,FALSE,TRUE
187,PICKLED PORK LEG,TRUE,FALSE
188,PICKLED PORK LOIN,TRUE,FALSE
189,OTWAY PORK SCOTCH,TRUE,FALSE
190,PORK CUTLETS,TRUE,FALSE
191,PORK BELLY,TRUE,FALSE
192,PORK TOMAHAWK,TRUE,FALSE
193,OTWAY ROLLED LOIN OF PORK,TRUE,FALSE
194,BONE IN PORK SHOULDER,TRUE,FALSE
195,BONELESS PORK SHOULDER,TRUE,FALSE
196,SEASONED LOIN OF PORK,TRUE,FALSE
197,BERKSHIRE PORK CHOPS,TRUE,FALSE
198,BOMBAY PORK SCOTCH,TRUE,FALSE
199,CHAR SIU CHINESE BBQ PORK,TRUE,FALSE
200,BERKSHIRE PORK RACKS,TRUE,FALSE
201,BERKSHIRE ROLLED LOIN,TRUE,FALSE
202,BERKSHIRE PORK BELLY,TRUE,FALSE
203,BERKSHIRE PORK SHOULDER,TRUE,FALSE
204,BERKSHIRE B/LESS PORK SHOULDER,TRUE,FALSE
205,BONELESS PORK LEG,TRUE,FALSE
206,THICK SAUSAGES,TRUE,FALSE
207,THIN SAUSAGES,TRUE,FALSE
208,"BEEF, BASIL & SUNDRIED TOMATO SAUSAGES",TRUE,FALSE
210,CHICKEN & CORN SAUSAGES,TRUE,FALSE
211,CLASSIC ITALIAN SAUSAGES,TRUE,FALSE
212,CUMBERLAND SAUSAGES,TRUE,FALSE
213,"H, L & R SAUSAGES",TRUE,FALSE
214,ITALIAN FENNEL SAUSAGES,TRUE,FALSE
215,"LAMB, SPINACH & PINENUT SAUSAGES",TRUE,FALSE
216,MERGUEZ SAUSAGES,TRUE,FALSE
217,MOROCCAN SAUSAGES,TRUE,FALSE
218,PORK SAUSAGES,TRUE,FALSE
219,TOULOUSE SAUSAGES,TRUE,FALSE
220,MUSKS SAUSAGES,TRUE,FALSE
221,WAGYU SAUSAGES,TRUE,FALSE
222,"H, L & R CHIPOLATAS",TRUE,FALSE
223,PORK CHIPOLATAS,TRUE,FALSE
224,BBQ CHIPOLATAS,TRUE,FALSE
225,SAUSAGE MEAT,TRUE,FALSE
226,CHORIZO,TRUE,FALSE
227,CHICKEN & CHIVE CHIPOLATA,TRUE,FALSE
228,SAUSAGE OF THE WEEK,TRUE,FALSE
229,TURKEY SAUSAGES,TRUE,FALSE
230,TURKEY CHIPOLATAS,TRUE,FALSE
231,ITALIAN COIL SAUSAGES,TRUE,FALSE
232,SPANISH COIL SAUSAGES,TRUE,FALSE
233,CLONAKILTY SAUSAGES,FALSE,FALSE
234,jalapeno cheese sausages,TRUE,FALSE
235,SAUSAGE SKINS,FALSE,TRUE
236,CLUB SAUSAGES,FALSE,TRUE
237,BOLOGNAISE SAUCE,FALSE,TRUE
238,LASAGNE,FALSE,TRUE
239,TURKEY BUFFET,TRUE,FALSE
240,BEEF WELLINGTON,TRUE,FALSE
241,BEEF WELLINGTON WITH PATE,TRUE,FALSE
242,BERNAISE,FALSE,TRUE
243,SAUSAGE ROLL,FALSE,TRUE
244,BEEF & GUINNESS PIE,FALSE,TRUE
245,CHEMOULA,TRUE,FALSE
246,CHICKEN PARMIGIANA,FALSE,TRUE
247,PEA & HAM SOUP,FALSE,TRUE
248,SMALL LASAGNE,FALSE,TRUE
249,BACON JAM,FALSE,TRUE
250,PULLED PORK,TRUE,FALSE
251,PAUPIETTES,FALSE,TRUE
252,FRIKADELLER,TRUE,FALSE
253,KASSLER,TRUE,FALSE
254,CHORIZO SAUSAGE,TRUE,FALSE
255,SMOKED CHICKEN FILLETS,TRUE,FALSE
256,GOORALIE MIDDLE BACON,TRUE,FALSE
257,SPECK,TRUE,FALSE
258,KNACKWURST,TRUE,FALSE
259,WEISSWURST,TRUE,FALSE
260,DUCK FOIE GRAS LOBE,FALSE,TRUE
261,MEAT LOAF,FALSE,TRUE
262,HAM NUGGET,TRUE,FALSE
263,HAM ON BONE,TRUE,FALSE
264,SLICED HAM,TRUE,FALSE
265,STRASSBURG,TRUE,FALSE
266,SLICED BACON,TRUE,FALSE
267,FRANKFURTS,TRUE,FALSE
268,SMOKED HOCKS,TRUE,FALSE
269,BACON BONES,TRUE,FALSE
270,CHEESE KRANSKY,TRUE,FALSE
271,COOKED SILVERSIDE,TRUE,FALSE
272,KAISERFLESH,TRUE,FALSE
273,PRESSED TONGUE,TRUE,FALSE
274,SMOKED CHICKEN FILLETS,TRUE,FALSE
275,OVEN ROAST TURKEY FILLETS,TRUE,FALSE
276,HALF HAM,TRUE,FALSE
277,SMOKED DUCK FILLETS,TRUE,FALSE
278,COCKTAIL FRANKFURTS,TRUE,FALSE
279,IBERIBERICO DE JABUGO JAMON,FALSE,TRUE
280,POLISH SAUSAGE,TRUE,FALSE
281,KABANA,TRUE,FALSE
282,CEVAPCICI,TRUE,FALSE
283,PASTRAMI,TRUE,FALSE
284,PARISER,TRUE,FALSE
285,LEBERKASSE,TRUE,FALSE
286,DOG TREATS,FALSE,TRUE
287,PLAIN KRANSKY,TRUE,FALSE
288,DRY CURED BACON,TRUE,FALSE
289,DICED BACON,TRUE,FALSE
290,STREAKY BACON,TRUE,FALSE
291,DON SALAMI,TRUE,FALSE
292,DON HOT SALAMI,TRUE,FALSE
293,SMOKED RACKS,FALSE,TRUE
294,DRY CURED STREAKY BACON,TRUE,FALSE
295,FLEISH SALAD,FALSE,TRUE
296,PATE - CRANBERRY & ALMOND,TRUE,FALSE
297,PATE - MUSHROOM & PEPPER,TRUE,FALSE
298,Biltong Stokkies,FALSE,TRUE
299,"CHICKEN, SPINACH & PINENUT TERRINE",TRUE,FALSE
300,"PORK, VEAL & APRICOT TERRINE",TRUE,FALSE
301,DUCK & MANGO TERRINE,TRUE,FALSE
302,MIXED SALAMI,TRUE,FALSE
303,Local Prosciutto,TRUE,FALSE
304,San Danielle Imported Prosciutto,TRUE,FALSE
305,WHITE PUDDING,FALSE,TRUE
306,BLACK PUDDING,FALSE,TRUE
307,BRESAOLA,TRUE,FALSE
308,FLAT PANCHETTA,TRUE,FALSE
309,ROLLED PANCHETTA,TRUE,FALSE
310,PATE en croute,TRUE,FALSE
311,METTWURST,TRUE,FALSE
312,COPPA PIACENTINA,TRUE,FALSE
313,MORTADELLA,TRUE,FALSE
314,CITY LARDER PORK HAZELNUT & APRICOT TERRINE,TRUE,FALSE
316,CITY LARDER PORK & PISTACHIO,TRUE,FALSE
317,CITY LARDER DUCK & PRUNE,TRUE,FALSE
318,CITY LARDER CHICKEN LEEK & TRUFFLE,TRUE,FALSE
319,CITY LARDER SMOKED SALMON & CREAM CHEESE,TRUE,FALSE
321,HAGGIS,TRUE,FALSE
322,PUD PLUM PUDDINGS,FALSE,TRUE
323,KNIFE SHARPENING,FALSE,TRUE
324,BONED and SEASONED TURKEYS,FALSE,TRUE
325,TURKEY GRAVY,FALSE,TRUE
326,CRANBERRY SAUCE,FALSE,TRUE
327,HALF HAM GLAZING,FALSE,TRUE
328,FULL HAM GLAZING,FALSE,TRUE
329,RAW HAM,TRUE,FALSE
330,TRIO POULET,FALSE,TRUE
331,SMALL SEASONING,FALSE,TRUE
332,LARGE SEASONING,FALSE,TRUE
333,FRUIT TARTS,FALSE,TRUE
334,FULL HAM ON BONE,TRUE,FALSE
335,HALF HAM ON THE BONE,TRUE,FALSE
336,HAM NUGGETS,TRUE,FALSE
337,BONELESS LEG HAM [skin on],TRUE,FALSE
338,RARE BREED HAM,TRUE,FALSE
339,WHOLE TURKEY,TRUE,FALSE
340,TURKEY BUFFET,TRUE,FALSE
341,TURKEY FILLET PLAIN,TRUE,FALSE
342,TURKEY FILLET SEASONED,TRUE,FALSE
343,WHOLE DUCKS,TRUE,FALSE
344,WHOLE GEESE,TRUE,FALSE
345,APPLE SAUCE,FALSE,TRUE
346,HALF HAM PREP FOR GLAZING,TRUE,FALSE
347,FULL HAM PREP FOR GLAZING,TRUE,FALSE
348,BONELESS HAM PREP FOR GLAZING,TRUE,FALSE
349,CHRISTMAS DEPOSIT,FALSE,TRUE
350,PUD DATE & BUTTERSCOTCH,FALSE,TRUE
351,JIM'S BBQ SAUCE,FALSE,TRUE
352,1/2 DOZ GREEN EGGS,FALSE,TRUE
353,DOZEN GREEN EGGS,FALSE,TRUE
354,HORSERADISH MUSTARD,FALSE,TRUE
355,BEETROOT AND ORANGE RELISH,FALSE,TRUE
356,"HOT, SOUR, SWEET, SALTY SAUCE",FALSE,TRUE
357,BLOC DE FOIE GRAS DOIE,FALSE,TRUE
358,BLOC DE GRAS DE CANARD,FALSE,TRUE
359,BOWLES VEAL GLAZE,FALSE,TRUE
360,CRANBERRY RELISH,FALSE,TRUE
361,CHAPMAN HILL OLIVE OIL NEW NORCIA,FALSE,TRUE
362,TRUFFLE OIL 250ml,FALSE,TRUE
363,CUNLIFFE - BBQ SAUCE,FALSE,TRUE
364,KOREAN HOT SAUCE,FALSE,TRUE
365,CUNLIFFE - CHILLI JAM,FALSE,TRUE
366,ORIGINAL KOREAN BBQ,FALSE,TRUE
367,SPICY KOREAN BBQ,FALSE,TRUE
368,CUNLIFFE - TOMATO SAUCE,FALSE,TRUE
369,CUNLIFFE APPLE & MINT JAM,FALSE,TRUE
370,THERMOMETER,FALSE,TRUE
371,HONEY CUP MUSTARD,FALSE,TRUE
372,RUSSIAN MUSTARD,FALSE,TRUE
373,TRUFFLE OIL,FALSE,TRUE
374,TRUFFLE MUSTARD,FALSE,TRUE
375,COOLER BAGS,FALSE,TRUE
376,CUNLIFFE CRANBERRY SAUCE,FALSE,TRUE
377,GREEN TOMATO PICKLE,FALSE,TRUE
378,TRACKLEMENTS ONION MARMALADE,FALSE,TRUE
379,Mrs BRIDGES APPLE SAUCE,FALSE,TRUE
380,CHAPMAN HILL OLIVE OIL FRANTOIO,FALSE,TRUE
381,CHAPMAN HILL OLIVE OIL LECCINO,FALSE,TRUE
382,Cunliffe Tomato & Capsicum Relish,FALSE,TRUE
383,Strong Horseradish & Cream,FALSE,TRUE
384,Rosemary Jelly,FALSE,TRUE
385,TRACKLEMENTS STRONG ENGLISH MUSTARD,FALSE,TRUE
387,Spiced Honey Mustard,FALSE,TRUE
388,Dijon Mustard,FALSE,TRUE
389,Seeded Mustard,FALSE,TRUE
390,SEL DU BOUCHER,FALSE,TRUE
391,Tracklements Mint Jelly,FALSE,TRUE
392,1 x vac portion,FALSE,TRUE
393,SWEET BABY RAYS,FALSE,TRUE
394,CA DALFIERI salsa serrano,FALSE,TRUE
395,COOK BOOKS,FALSE,TRUE
396,STEAK KNIFE SET,FALSE,TRUE
397,MRS BRIDGES RED CURRENT JELLY,FALSE,TRUE
398,LUV-A-DUK DUCK FAT,FALSE,TRUE
399,CARVING SET,FALSE,TRUE
400,Signature Series Steak Knives,FALSE,TRUE
401,SML COOLER BAG,FALSE,TRUE
402,COOKED CHESTNUTS,FALSE,TRUE
403,McCLURE'S PICKLES,FALSE,TRUE
404,McCLURE'S BLOODY MARY MIXER,FALSE,TRUE
405,McClure's Pickles Spicy Spears,FALSE,TRUE
406,McClure's Pickles Sweet & Spicy,FALSE,TRUE
407,BLOODY MARY KETCHUP,FALSE,TRUE
408,PICCALILLI,FALSE,TRUE
409,CIDER & HORSERADISH MUSTARD,FALSE,TRUE
410,CHILLI KETCHUP,FALSE,TRUE
411,TOMATO KETCHUP,FALSE,TRUE
412,STINGER DIEMAN'S HOT SAUCE,FALSE,TRUE
413,ORIGINAL DIEMEN'S HOT SAUCE,FALSE,TRUE
414,McCLURE'S PICKLES WHOLE SPICY,FALSE,TRUE
415,ORGANIC TOMATO KETCHUP,FALSE,TRUE
416,BONE SUCKIN MUSTARD,FALSE,TRUE
417,BONE SUCKIN SAUCE,FALSE,TRUE
418,HOT BONE SUCKIN SAUCE,FALSE,TRUE
419,LILLIE'S HOT SMOKY,FALSE,TRUE
420,LILLIE'S SMOKY,FALSE,TRUE
421,LILLIE'S CAROLINA GOLD,FALSE,TRUE
422,LILLIE'S CAROLINA,FALSE,TRUE
423,TEA TOWELS,FALSE,TRUE
424,TOMATO PASSATA,FALSE,TRUE
425,GRAISSE DE CANARD 320G,FALSE,TRUE
426,GRAISSE D'OIE,FALSE,TRUE
427,BLOC DE FOIE GRAS 40G TWIN PACK,FALSE,TRUE
428,LILLIE'S IVORY,FALSE,TRUE
429,LILLIE'S E.N.C.,FALSE,TRUE
430,LUCHITO SMOKED CHILLI MAYO,FALSE,TRUE
431,LUCHITO SMOKED CHILLI HONEY,FALSE,TRUE
432,CUNLIFFE & WATERS CRANBERRY RELISH 320G,FALSE,TRUE
434,LUCHITO SMOKED CHILLI PASTE,FALSE,TRUE
435,BEEF BROTH,FALSE,TRUE
436,CHICKEN STOCK,FALSE,TRUE
437,BEEF STOCK,FALSE,TRUE
438,BEEF BROTH 250ML,FALSE,TRUE
439,MRS BRIDGES HORSERADISH,FALSE,TRUE
440,DRY AGED RIB EYE 4 WEEKS,TRUE,FALSE
441,DRY AGED RIB EYE 6 WEEKS,TRUE,FALSE
442,DRY AGED RIB EYE 8 WEEKS,TRUE,FALSE
443,DRY AGED LAMB,TRUE,FALSE
444,DRY AGED T BONE 6 WEEKS,TRUE,FALSE
445,DRY AGED T BONE 8 WEEKS,TRUE,FALSE
